level,meaning_kr,kanji,reading,example,example_reading,example_meaning_kr
N5,물,水,みず,水を飲みます。,みずをのみます。,물을 마십니다.
N5,불,火,ひ,火をつけます。,ひをつけます。,불을 붙입니다.
N5,나무,木,き,木があります。,きがあります。,나무가 있습니다.
N5,금/돈,金,かね,お金があります。,おかねがあります。,돈이 있습니다.
N5,흙,土,つち,土を触ります。,つちをさわります。,흙을 만집니다.
N5,사람,人,ひと,あの人は親切です。,あのひとはしんせつです。,저 사람은 친절합니다.
N5,날/일,日,ひ,今日はいい日です。,きょうはいいひです。,오늘은 좋은 날입니다.
N5,달,月,つき,月が見えます。,つきがみえます。,달이 보입니다.
N5,산,山,やま,山に登ります。,やまにのぼります。,산에 오릅니다.
N5,강,川,かわ,川で泳ぎます。,かわでおよぎます。,강에서 수영합니다.
N5,하늘,空,そら,空が青いです。,そらがあおいです。,하늘이 파랗습니다.
N5,비,雨,あめ,雨が降っています。,あめがふっています。,비가 내리고 있습니다.
N5,전기,電気,でんき,電気をつけます。,でんきをつけます。,전기를 켭니다.
N5,차/자동차,車,くるま,車を運転します。,くるまをうんてんします。,차를 운전합니다.
N5,전철,電車,でんしゃ,電車に乗ります。,でんしゃにのります。,전철을 탑니다.
N5,학교,学校,がっこう,学校へ行きます。,がっこうへいきます。,학교에 갑니다.
N5,선생님,先生,せんせい,先生に聞きます。,せんせいにききます。,선생님께 묻습니다.
N5,학생,学生,がくせい,私は学生です。,わたしはがくせいです。,나는 학생입니다.
N5,친구,友達,ともだち,友達と話します。,ともだちとはなします。,친구와 이야기합니다.
N5,시간,時間,じかん,時間があります。,じかんがあります。,시간이 있습니다.
N5,오늘,今日,きょう,今日は忙しいです。,きょうはいそがしいです。,오늘은 바쁩니다.
N5,내일,明日,あした,明日行きます。,あしたいきます。,내일 갑니다.
N5,어제,昨日,きのう,昨日休みました。,きのうやすみました。,어제 쉬었습니다.
N5,아침,朝,あさ,朝ご飯を食べます。,あさごはんをたべます。,아침밥을 먹습니다.
N5,밤,夜,よる,夜寝ます。,よるねます。,밤에 잡니다.
N5,밥,ご飯,ごはん,ご飯を食べます。,ごはんをたべます。,밥을 먹습니다.
N5,물(음료),飲み物,のみもの,飲み物を買います。,のみものをかいます。,음료를 삽니다.
N5,집,家,いえ,家に帰ります。,いえにかえります。,집에 돌아갑니다.
N5,문,ドア,ドア,ドアを開けます。,ドアをあけます。,문을 엽니다.
N5,책,本,ほん,本を読みます。,ほんをよみます。,책을 읽습니다.
N5,연필,鉛筆,えんぴつ,鉛筆で書きます。,えんぴつでかきます。,연필로 씁니다.
N5,가방,かばん,かばん,かばんを持ちます。,かばんをもちます。,가방을 듭니다.
N5,신발,靴,くつ,靴を履きます。,くつをはきます。,신발을 신습니다.
N5,옷,服,ふく,服を着ます。,ふくをきます。,옷을 입습니다.
N5,먹다,食べる,たべる,パンを食べます。,ぱんをたべます。,빵을 먹습니다.
N5,마시다,飲む,のむ,水を飲みます。,みずをのみます。,물을 마십니다.
N5,가다,行く,いく,会社へ行きます。,かいしゃへいきます。,회사에 갑니다.
N5,오다,来る,くる,友達が来ます。,ともだちがきます。,친구가 옵니다.
N5,보다,見る,みる,映画を見ます。,えいがをみます。,영화를 봅니다.
N5,듣다,聞く,きく,音楽を聞きます。,おんがくをききます。,음악을 듣습니다.
N5,말하다,話す,はなす,日本語を話します。,にほんごをはなします。,일본어를 말합니다.
N5,사다,買う,かう,本を買います。,ほんをかいます。,책을 삽니다.
N5,만나다,会う,あう,友達に会います。,ともだちにあいます。,친구를 만납니다.
N5,쉬다,休む,やすむ,今日は休みます。,きょうはやすみます。,오늘은 쉽니다.
N5,일하다,働く,はたらく,会社で働きます。,かいしゃではたらきます。,회사에서 일합니다.
N5,자다,寝る,ねる,早く寝ます。,はやくねます。,일찍 잡니다.
N5,일어나다,起きる,おきる,朝早く起きます。,あさはやくおきます。,아침 일찍 일어납니다.
N5,걷다,歩く,あるく,駅まで歩きます。,えきまであるきます。,역까지 걷습니다.
N5,달리다,走る,はしる,公園で走ります。,こうえんではしります。,공원에서 달립니다.
N5,앉다,座る,すわる,椅子に座ります。,いすにすわります。,의자에 앉습니다.
N5,왼쪽,左,ひだり,左に曲がります。,ひだりにまがります。,왼쪽으로 돕니다.
N5,오른쪽,右,みぎ,右を見てください。,みぎをみてください。,오른쪽을 봐주세요.
N5,위,上,うえ,机の上にあります。,つくえのうえにあります。,책상 위에 있습니다.
N5,아래,下,した,机の下にあります。,つくえのしたにあります。,책상 아래에 있습니다.
N5,안,中,なか,箱の中に入れます。,はこのなかにいれます。,상자 안에 넣습니다.
N5,밖,外,そと,外で遊びます。,そとであそびます。,밖에서 놉니다.
N5,앞,前,まえ,駅の前で会います。,えきのまえであいます。,역 앞에서 만납니다.
N5,뒤,後ろ,うしろ,後ろに人がいます。,うしろにひとがいます。,뒤에 사람이 있습니다.
N5,옆,横,よこ,横に座ります。,よこにすわります。,옆에 앉습니다.
N5,근처,近く,ちかく,駅の近くです。,えきのちかくです。,역 근처입니다.
N5,멀다,遠い,とおい,家は遠いです。,いえはとおいです。,집은 멉니다.
N5,가깝다,近い,ちかい,学校は近いです。,がっこうはちかいです。,학교는 가깝습니다.
N5,많다,多い,おおい,人が多いです。,ひとがおおいです。,사람이 많습니다.
N5,적다,少ない,すくない,水が少ないです。,みずがすくないです。,물이 적습니다.
N5,크다,大きい,おおきい,大きい犬です。,おおきいいぬです。,큰 개입니다.
N5,작다,小さい,ちいさい,小さい部屋です。,ちいさいへやです。,작은 방입니다.
N5,새롭다,新しい,あたらしい,新しい本です。,あたらしいほんです。,새 책입니다.
N5,오래되다,古い,ふるい,古い家です。,ふるいいえです。,오래된 집입니다.
N5,좋다,いい,いい,今日は気分がいいです。,きょうはきぶんがいいです。,오늘은 기분이 좋습니다.
N5,나쁘다,悪い,わるい,天気が悪いです。,てんきがわるいです。,날씨가 나쁩니다.
N5,덥다,暑い,あつい,今日は暑いです。,きょうはあついです。,오늘은 덥습니다.
N5,춥다,寒い,さむい,今日は寒いです。,きょうはさむいです。,오늘은 춥습니다.
N5,재미있다,面白い,おもしろい,映画が面白いです。,えいががおもしろいです。,영화가 재미있습니다.
N5,재미없다,つまらない,つまらない,授業がつまらないです。,じゅぎょうがつまらないです。,수업이 재미없습니다.
N5,맛있다,美味しい,おいしい,ご飯が美味しいです。,ごはんがおいしいです。,밥이 맛있습니다.
N5,맛없다,まずい,まずい,この料理はまずいです。,このりょうりはまずいです。,이 요리는 맛없습니다.
N5,빠르다,速い,はやい,電車は速いです。,でんしゃははやいです。,전철은 빠릅니다.
N5,느리다,遅い,おそい,歩くのが遅いです。,あるくのがおそいです。,걷는 것이 느립니다.
N5,높다,高い,たかい,山が高いです。,やまがたかいです。,산이 높습니다.
N5,낮다,低い,ひくい,テーブルが低いです。,てーぶるがひくいです。,테이블이 낮습니다.
N5,싸다,安い,やすい,この店は安いです。,このみせはやすいです。,이 가게는 쌉니다.
N5,비싸다,高い,たかい,この服は高いです。,このふくはたかいです。,이 옷은 비쌉니다.
N5,바쁘다,忙しい,いそがしい,今日は忙しいです。,きょうはいそがしいです。,오늘은 바쁩니다.
N5,한가하다,暇,ひま,今日は暇です。,きょうはひまです。,오늘은 한가합니다.
N5,좋아하다,好き,すき,猫が好きです。,ねこがすきです。,고양이를 좋아합니다.
N5,싫어하다,嫌い,きらい,勉強が嫌いです。,べんきょうがきらいです。,공부를 싫어합니다.
N5,잘하다,上手,じょうず,日本語が上手です。,にほんごがじょうずです。,일본어를 잘합니다.
N5,못하다,下手,へた,料理が下手です。,りょうりがへたです。,요리를 못합니다.
N5,있다(사물),ある,ある,机の上に本があります。,つくえのうえにほんがあります。,책상 위에 책이 있습니다.
N5,있다(사람/동물),いる,いる,部屋に猫がいます。,へやにねこがいます。,방에 고양이가 있습니다.
N5,없다,ない,ない,お金がないです。,おかねがないです。,돈이 없습니다.
N5,열다,開ける,あける,ドアを開けます。,どあをあけます。,문을 엽니다.
N5,닫다,閉める,しめる,ドアを閉めます。,どあをしめます。,문을 닫습니다.
N5,타다,乗る,のる,バスに乗ります。,ばすにのります。,버스를 탑니다.
N5,내리다,降りる,おりる,駅で降ります。,えきでおります。,역에서 내립니다.
N5,빌리다,借りる,かりる,本を借ります。,ほんをかります。,책을 빌립니다.
N5,빌려주다,貸す,かす,友達に貸します。,ともだちにかします。,친구에게 빌려줍니다.
N5,주다,あげる,あげる,プレゼントをあげます。,ぷれぜんとをあげます。,선물을 줍니다.
N5,받다,もらう,もらう,プレゼントをもらいます。,ぷれぜんとをもらいます。,선물을 받습니다.
N5,문제,問題,もんだい,この問題は難しいです。,このもんだいはむずかしいです。,이 문제는 어렵습니다.
N5,답,答え,こたえ,答えを書きます。,こたえをかきます。,답을 씁니다.
N5,질문,質問,しつもん,先生に質問します。,せんせいにしつもんします。,선생님께 질문합니다.
N5,이름,名前,なまえ,名前を書きます。,なまえをかきます。,이름을 씁니다.
N5,나라,国,くに,日本は美しい国です。,にほんはうつくしいくにです。,일본은 아름다운 나라입니다.
N5,언어,言葉,ことば,日本語の言葉です。,にほんごのことばです。,일본어 단어입니다.
N5,글자,字,じ,この字を読みます。,このじをよみます。,이 글자를 읽습니다.
N5,숫자,数字,すうじ,数字を覚えます。,すうじをおぼえます。,숫자를 외웁니다.
N5,회사,会社,かいしゃ,会社で働きます。,かいしゃではたらきます。,회사에서 일합니다.
N5,일,仕事,しごと,仕事が多いです。,しごとがおおいです。,일이 많습니다.
N5,전화,電話,でんわ,電話をかけます。,でんわをかけます。,전화를 겁니다.
N5,핸드폰,携帯電話,けいたいでんわ,携帯電話を使います。,けいたいでんわをつかいます。,휴대폰을 사용합니다.
N5,컴퓨터,コンピューター,コンピューター,コンピューターを使います。,コンピューターをつかいます。,컴퓨터를 사용합니다.
N5,인터넷,インターネット,インターネット,インターネットで調べます。,インターネットでしらべます。,인터넷으로 조사합니다.
N5,메일,メール,メール,メールを送ります。,メールをおくります。,메일을 보냅니다.
N5,사진,写真,しゃしん,写真を撮ります。,しゃしんをとります。,사진을 찍습니다.
N5,영화,映画,えいが,映画を見ます。,えいがをみます。,영화를 봅니다.
N5,음악,音楽,おんがく,音楽を聞きます。,おんがくをききます。,음악을 듣습니다.
N5,노래,歌,うた,歌を歌います。,うたをうたいます。,노래를 부릅니다.
N5,운동,運動,うんどう,運動をします。,うんどうをします。,운동을 합니다.
N5,여행,旅行,りょこう,旅行に行きます。,りょこうにいきます。,여행을 갑니다.
N5,비행기,飛行機,ひこうき,飛行機に乗ります。,ひこうきにのります。,비행기를 탑니다.
N5,호텔,ホテル,ホテル,ホテルに泊まります。,ホテルにとまります。,호텔에 묵습니다.
N5,식당,レストラン,レストラン,レストランで食べます。,レストランでたべます。,식당에서 먹습니다.
N5,가게,店,みせ,店で買います。,みせでかいます。,가게에서 삽니다.
N5,물건,物,もの,物を持ちます。,ものをもちます。,물건을 듭니다.
N5,짐,荷物,にもつ,荷物を運びます。,にもつをはこびます。,짐을 나릅니다.
N5,돈(지폐),紙幣,しへい,紙幣を使います。,しへいをつかいます。,지폐를 사용합니다.
N5,동전,硬貨,こうか,硬貨があります。,こうかがあります。,동전이 있습니다.
N5,은행,銀行,ぎんこう,銀行に行きます。,ぎんこうにいきます。,은행에 갑니다.
N5,우체국,郵便局,ゆうびんきょく,郵便局へ行きます。,ゆうびんきょくへいきます。,우체국에 갑니다.
N5,편지,手紙,てがみ,手紙を書きます。,てがみをかきます。,편지를 씁니다.
N5,주소,住所,じゅうしょ,住所を書きます。,じゅうしょをかきます。,주소를 씁니다.
N5,번호,番号,ばんごう,番号を覚えます。,ばんごうをおぼえます。,번호를 외웁니다.
N5,지도,地図,ちず,地図を見ます。,ちずをみます。,지도를 봅니다.
N5,길,道,みち,道を歩きます。,みちをあるきます。,길을 걷습니다.
N5,교차로,交差点,こうさてん,交差点を渡ります。,こうさてんをわたります。,교차로를 건넙니다.
N5,신호등,信号,しんごう,信号を見ます。,しんごうをみます。,신호를 봅니다.
N5,버스,バス,バス,バスに乗ります。,バスにのります。,버스를 탑니다.
N5,택시,タクシー,タクシー,タクシーを呼びます。,タクシーをよびます。,택시를 부릅니다.
N5,자전거,自転車,じてんしゃ,自転車に乗ります。,じてんしゃにのります。,자전거를 탑니다.
N5,걷기,散歩,さんぽ,散歩します。,さんぽします。,산책합니다.
N5,공원,公園,こうえん,公園で遊びます。,こうえんであそびます。,공원에서 놉니다.
N5,바다,海,うみ,海に行きます。,うみにいきます。,바다에 갑니다.
N5,강아지,犬,いぬ,犬がいます。,いぬがいます。,개가 있습니다.
N5,고양이,猫,ねこ,猫がかわいいです。,ねこがかわいいです。,고양이가 귀엽습니다.
N5,새,鳥,とり,鳥が飛びます。,とりがとびます。,새가 납니다.
N5,물고기,魚,さかな,魚を食べます。,さかなをたべます。,생선을 먹습니다.
N5,고기,肉,にく,肉を食べます。,にくをたべます。,고기를 먹습니다.
N5,야채,野菜,やさい,野菜を食べます。,やさいをたべます。,채소를 먹습니다.
N5,과일,果物,くだもの,果物を食べます。,くだものをたべます。,과일을 먹습니다.
N5,우유,牛乳,ぎゅうにゅう,牛乳を飲みます。,ぎゅうにゅうをのみます。,우유를 마십니다.
N5,차(음료),お茶,おちゃ,お茶を飲みます。,おちゃをのみます。,차를 마십니다.
N5,커피,コーヒー,コーヒー,コーヒーを飲みます。,コーヒーをのみます。,커피를 마십니다.
N5,빵,パン,パン,パンを食べます。,パンをたべます。,빵을 먹습니다.
N5,밥(식사),食事,しょくじ,食事をします。,しょくじをします。,식사를 합니다.
N5,아침밥,朝ご飯,あさごはん,朝ご飯を食べます。,あさごはんをたべます。,아침밥을 먹습니다.
N5,저녁밥,晩ご飯,ばんごはん,晩ご飯を食べます。,ばんごはんをたべます。,저녁밥을 먹습니다.
N5,점심,昼ご飯,ひるごはん,昼ご飯を食べます。,ひるごはんをたべます。,점심을 먹습니다.
N5,요리,料理,りょうり,料理を作ります。,りょうりをつくります。,요리를 합니다.
N5,만들다,作る,つくる,料理を作ります。,りょうりをつくります。,요리를 만듭니다.
N5,씻다,洗う,あらう,手を洗います。,てをあらいます。,손을 씻습니다.
N5,자르다,切る,きる,野菜を切ります。,やさいをきります。,야채를 자릅니다.
N5,넣다,入れる,いれる,箱に入れます。,はこにいれます。,상자에 넣습니다.
N5,꺼내다,出す,だす,かばんから出します。,かばんからだします。,가방에서 꺼냅니다.
N5,들어가다,入る,はいる,部屋に入ります。,へやにはいります。,방에 들어갑니다.
N5,나가다,出る,でる,家を出ます。,いえをでます。,집을 나갑니다.
N5,서다,立つ,たつ,ここに立ちます。,ここにたちます。,여기에 섭니다.
N5,앉다,座る,すわる,椅子に座ります。,いすにすわります。,의자에 앉습니다.
N5,눕다,横になる,よこになる,ベッドで横になります。,ベッドでよこになります。,침대에 눕습니다.
N5,가지다,持つ,もつ,かばんを持ちます。,かばんをもちます。,가방을 듭니다.
N5,두다,置く,おく,机に置きます。,つくえにおきます。,책상에 둡니다.
N5,사용하다,使う,つかう,お金を使います。,おかねをつかいます。,돈을 사용합니다.
N5,필요하다,必要,ひつよう,これは必要です。,これはひつようです。,이것은 필요합니다.
N5,중요하다,大切,たいせつ,時間は大切です。,じかんはたいせつです。,시간은 중요합니다.
N5,괜찮다,大丈夫,だいじょうぶ,大丈夫です。,だいじょうぶです。,괜찮습니다.
N5,위험하다,危ない,あぶない,ここは危ないです。,ここはあぶないです。,여기는 위험합니다.
N5,안전하다,安全,あんぜん,ここは安全です。,ここはあんぜんです。,여기는 안전합니다.
N5,간단하다,簡単,かんたん,この問題は簡単です。,このもんだいはかんたんです。,이 문제는 쉽습니다.
N5,어렵다,難しい,むずかしい,日本語は難しいです。,にほんごはむずかしいです。,일본어는 어렵습니다.
N5,같다,同じ,おなじ,同じです。,おなじです。,같습니다.
N5,다르다,違う,ちがう,答えが違います。,こたえがちがいます。,답이 다릅니다.
N5,시작하다,始める,はじめる,勉強を始めます。,べんきょうをはじめます。,공부를 시작합니다.
N5,끝나다,終わる,おわる,仕事が終わります。,しごとがおわります。,일이 끝납니다.
N5,열심히,一生懸命,いっしょうけんめい,一生懸命勉強します。,いっしょうけんめいべんきょうします。,열심히 공부합니다.
N5,조금,少し,すこし,少し休みます。,すこしやすみます。,조금 쉽니다.
N5,많이,たくさん,たくさん,たくさん食べます。,たくさんたべます。,많이 먹습니다.
N5,항상,いつも,いつも,いつも勉強します。,いつもべんきょうします。,항상 공부합니다.
N5,가끔,時々,ときどき,時々映画を見ます。,ときどきえいがをみます。,가끔 영화를 봅니다.
N5,지금,今,いま,今行きます。,いまいきます。,지금 갑니다.
N5,곧,すぐ,すぐ,すぐ行きます。,すぐいきます。,곧 갑니다.
N5,나중에,あとで,あとで,あとでやります。,あとでやります。,나중에 합니다.
N5,함께,一緒に,いっしょに,一緒に行きます。,いっしょにいきます。,함께 갑니다.
N5,혼자,一人で,ひとりで,一人で行きます。,ひとりでいきます。,혼자 갑니다.
N5,정말,本当に,ほんとうに,本当にありがとうございます。,ほんとうにありがとうございます。,정말 감사합니다.
N5,아주,とても,とても,とても楽しいです。,とてもたのしいです。,아주 즐겁습니다.
N5,조금(부정),あまり,あまり,あまり好きじゃないです。,あまりすきじゃないです。,별로 좋아하지 않습니다.
N5,전혀,全然,ぜんぜん,全然わかりません。,ぜんぜんわかりません。,전혀 모르겠습니다.
N5,손,手,て,手を洗います。,てをあらいます。,손을 씻습니다.
N5,발,足,あし,足が痛いです。,あしがいたいです。,발이 아픕니다.
N5,눈,目,め,目を閉じます。,めをとじます。,눈을 감습니다.
N5,귀,耳,みみ,耳で聞きます。,みみでききます。,귀로 듣습니다.
N5,입,口,くち,口を開けます。,くちをあけます。,입을 엽니다.
N5,머리,頭,あたま,頭がいいです。,あたまがいいです。,머리가 좋습니다.
N5,얼굴,顔,かお,顔を洗います。,かおをあらいます。,얼굴을 씻습니다.
N5,몸,体,からだ,体が強いです。,からだがつよいです。,몸이 강합니다.
N5,손가락,指,ゆび,指で指します。,ゆびでさします。,손가락으로 가리킵니다.
N5,배,お腹,おなか,お腹が空きました。,おなかがすきました。,배가 고픕니다.
N5,목(신체),首,くび,首が痛いです。,くびがいたいです。,목이 아픕니다.
N5,등,背中,せなか,背中が痛いです。,せなかがいたいです。,등이 아픕니다.
N5,손목,手首,てくび,手首を動かします。,てくびをうごかします。,손목을 움직입니다.
N5,발목,足首,あしくび,足首が痛いです。,あしくびがいたいです。,발목이 아픕니다.
N5,심장,心臓,しんぞう,心臓がドキドキします。,しんぞうがどきどきします。,심장이 두근거립니다.
N5,피,血,ち,血が出ます。,ちがでます。,피가 납니다.
N5,병원,病院,びょういん,病院へ行きます。,びょういんへいきます。,병원에 갑니다.
N5,의사,医者,いしゃ,医者に見せます。,いしゃにみせます。,의사에게 보입니다.
N5,약,薬,くすり,薬を飲みます。,くすりをのみます。,약을 먹습니다.
N5,건강,元気,げんき,元気です。,げんきです。,건강합니다.
N5,아프다,痛い,いたい,頭が痛いです。,あたまがいたいです。,머리가 아픕니다.
N5,열,熱,ねつ,熱があります。,ねつがあります。,열이 있습니다.
N5,감기,風邪,かぜ,風邪をひきました。,かぜをひきました。,감기에 걸렸습니다.
N5,피곤하다,疲れる,つかれる,疲れました。,つかれました。,피곤합니다.
N5,쉬다,休憩,きゅうけい,休憩します。,きゅうけいします。,휴식합니다.
N5,세수하다,顔を洗う,かおをあらう,朝顔を洗います。,あさかおをあらいます。,아침에 세수합니다.
N5,양치하다,歯を磨く,はをみがく,歯を磨きます。,はをみがきます。,이를 닦습니다.
N5,샤워하다,シャワー,シャワー,シャワーを浴びます。,シャワーをあびます。,샤워를 합니다.
N5,목욕하다,風呂,ふろ,風呂に入ります。,ふろにはいります。,목욕합니다.
N5,옷 갈아입다,着替える,きがえる,服を着替えます。,ふくをきがえます。,옷을 갈아입습니다.
N5,씻다(손),洗う,あらう,手を洗います。,てをあらいます。,손을 씻습니다.
N5,닦다,拭く,ふく,テーブルを拭きます。,テーブルをふきます。,테이블을 닦습니다.
N5,청소하다,掃除,そうじ,部屋を掃除します。,へやをそうじします。,방을 청소합니다.
N5,정리하다,片付ける,かたづける,部屋を片付けます。,へやをかたづけます。,방을 정리합니다.
N5,버리다,捨てる,すてる,ゴミを捨てます。,ごみをすてます。,쓰레기를 버립니다.
N5,빨래하다,洗濯,せんたく,洗濯します。,せんたくします。,빨래합니다.
N5,말리다,乾かす,かわかす,服を乾かします。,ふくをかわかします。,옷을 말립니다.
N5,닫히다,閉まる,しまる,ドアが閉まります。,どあがしまります。,문이 닫힙니다.
N5,열리다,開く,あく,ドアが開きます。,どあがあきます。,문이 열립니다.
N5,켜지다,つく,つく,電気がつきます。,でんきがつきます。,불이 켜집니다.
N5,꺼지다,消える,きえる,電気が消えます。,でんきがきえます。,불이 꺼집니다.
N5,시작되다,始まる,はじまる,授業が始まります。,じゅぎょうがはじまります。,수업이 시작됩니다.
N5,끝나다,終わる,おわる,映画が終わります。,えいががおわります。,영화가 끝납니다.
N5,열리다(이벤트),開かれる,ひらかれる,会議が開かれます。,かいぎがひらかれます。,회의가 열립니다.
N5,열다(이벤트),開く,ひらく,会議を開きます。,かいぎをひらきます。,회의를 엽니다.
N5,만들어지다,できる,できる,新しい店ができます。,あたらしいみせができます。,새 가게가 생깁니다.
N5,고치다,直す,なおす,時計を直します。,とけいをなおします。,시계를 고칩니다.
N5,고장나다,壊れる,こわれる,機械が壊れました。,きかいがこわれました。,기계가 고장났습니다.
N5,고장내다,壊す,こわす,おもちゃを壊しました。,おもちゃをこわしました。,장난감을 부쉈습니다.
N5,떨어지다,落ちる,おちる,物が落ちます。,ものがおちます。,물건이 떨어집니다.
N5,떨어뜨리다,落とす,おとす,本を落としました。,ほんをおとしました。,책을 떨어뜨렸습니다.

N4,빨갛다,赤い,あかい,りんごが赤い。,りんごがあかい。,사과가 빨갛다.
N4,모으다,集める,あつめる,切手を集める。,きってをあつめる。,우표를 모으다.
N4,"언니,누나",姉,あね,姉に電話する。,あねにでんわする。,언니에게 전화하다.
N4,이상,以上,いじょう,三人以上来る。,さんにんいじょうくる。,세 명 이상 온다.
N4,한번,一度,いちど,日本へ一度行く。,にほんへいちどいく。,일본에 한 번 가다.
N4,실,糸,いと,糸を使う。,いとをつかう。,실을 사용하다.
N4,색,色,いろ,好きな色を選ぶ。,すきないろをえらぶ。,좋아하는 색을 고르다.
N4,노래,歌,うた,歌を歌う。,うたをうたう。,노래를 부르다.
N4,바다,海,うみ,海で泳ぐ。,うみでおよぐ。,바다에서 헤엄치다.
N4,영업,営業,えいぎょう,店が営業する。,みせがえいぎょうする。,가게가 영업하다.
N4,행하다,行う,おこなう,会議を行う。,かいぎをおこなう。,회의를 행하다.
N4,가르치다,教える,おしえる,日本語を教える。,にほんごをおしえる。,일본어를 가르치다.
N4,누르다,押す,おす,ボタンを押す。,ボタンをおす。,버튼을 누르다.
N4,밀다,押す,おす,ドアを押す。,ドアをおす。,문을 밀다.
N4,"언니,누나",お姉さん,おねえさん,お姉さんと話す。,おねえさんとはなす。,언니와 이야기하다.
N4,엄지,親指,おやゆび,親指を立てる。,おやゆびをたてる。,엄지를 세우다.
N4,헤엄치다,泳ぐ,およぐ,川で泳ぐ。,かわでおよぐ。,강에서 헤엄치다.
N4,회사,会社,かいしゃ,会社で働く。,かいしゃではたらく。,회사에서 일하다.
N4,행사장,会場,かいじょう,会場に入る。,かいじょうにはいる。,행사장에 들어가다.
N4,세다,数える,かぞえる,人数を数える。,にんずうをかぞえる。,인원을 세다.
N4,종이,紙,かみ,紙に書く。,かみにかく。,종이에 쓰다.
N4,몸,体,からだ,体が疲れる。,からだがつかれる。,몸이 피곤하다.
N4,가볍다,軽い,かるい,荷物が軽い。,にもつがかるい。,짐이 가볍다.
N4,생각하다,考える,かんがえる,将来を考える。,しょうらいをかんがえる。,미래를 생각하다.
N4,결정되다,決まる,きまる,日程が決まる。,にっていがきまる。,일정이 결정되다.
N4,구(행정구역),区,く,この区に住む。,このくにすむ。,이 구에 살다.
N4,약,薬,くすり,薬を飲む。,くすりをのむ。,약을 먹다.
N4,어둡다,暗い,くらい,部屋が暗い。,へやがくらい。,방이 어둡다.
N4,공사,工事,こうじ,工事が続く。,こうじがつづく。,공사가 계속되다.
N4,마음,心,こころ,心が落ち着く。,こころがおちつく。,마음이 안정되다.
N4,대답하다,答える,こたえる,質問に答える。,しつもんにこたえる。,질문에 대답하다.
N4,"이번, 다음",今度,こんど,今度会おう。,こんどあおう。,이번에 만나자.
N4,최근,最近,さいきん,最近忙しい。,さいきんいそがしい。,최근 바쁘다.
N4,"최후,마지막",最後,さいご,最後まで頑張る。,さいごまでがんばる。,끝까지 노력하다.
N4,출발,出発,しゅっぱつ,朝早く出発する。,あさはやくしゅっぱつする。,아침 일찍 출발하다.
N4,여성,女性,じょせい,女性が多い。,じょせいがおおい。,여성이 많다.
N4,"하얗다,희다",白い,しろい,雪が白い。,ゆきがしろい。,눈이 하얗다.
N4,"나아가다,진행되다",進む,すすむ,工事が進む。,こうじがすすむ。,공사가 진행되다.
N4,생산,生産,せいさん,野菜を生産する。,やさいをせいさんする。,채소를 생산하다.
N4,"모자르다,부족하다",足りる,たりる,お金が足りない。,おかねがたりない。,돈이 부족하다.
N4,가깝다,近い,ちかい,駅が近い。,えきがちかい。,역이 가깝다.
N4,지리,地理,ちり,地理を勉強する。,ちりをべんきょうする。,지리를 공부하다.
N4,사용하다,使う,つかう,パソコンを使う。,パソコンをつかう。,컴퓨터를 사용하다.
N4,도착하다,着く,つく,駅に着く。,えきにつく。,역에 도착하다.
N4,"사정,형편",都合,つごう,都合がいい。,つごうがいい。,형편이 좋다.
N4,강하다,強い,つよい,風が強い。,かぜがつよい。,바람이 강하다.
N4,멀다,遠い,とおい,学校が遠い。,がっこうがとおい。,학교가 멀다.
N4,특별하다,特別,とくべつ,今日は特別な日だ。,きょうはとくべつなひだ。,오늘은 특별한 날이다.
N4,여름,夏,なつ,夏が好きだ。,なつがすきだ。,여름을 좋아한다.
N4,배우다,習う,ならう,日本語を習う。,にほんごをならう。,일본어를 배우다.
N4,두 대,二台,にだい,車が二台ある。,くるまがにだいある。,차가 두 대 있다.
N4,입원,入院,にゅういん,病院に入院する。,びょういんににゅういんする。,병원에 입원하다.
N4,타다,乗る,のる,電車に乗る。,でんしゃにのる。,전철을 타다.
N4,"나르다,옮기다",運ぶ,はこぶ,荷物を運ぶ。,にもつをはこぶ。,짐을 나르다.
N4,빠르다,速い,はやい,走るのが速い。,はしるのがはやい。,달리는 것이 빠르다.
N4,불,火,ひ,火をつける。,ひをつける。,불을 켜다.
N4,빛나다,光る,ひかる,星が光る。,ほしがひかる。,별이 빛나다.
N4,당기다,引く,ひく,ドアを引く。,ドアをひく。,문을 당기다.
N4,넓다,広い,ひろい,部屋が広い。,へやがひろい。,방이 넓다.
N4,배,船,ふね,船に乗る。,ふねにのる。,배를 타다.
N4,겨울,冬,ふゆ,冬は寒い。,ふゆはさむい。,겨울은 춥다.
N4,기다리다,待つ,まつ,友達を待つ。,ともだちをまつ。,친구를 기다리다.
N4,"들다,가지다",持つ,もつ,かばんを持つ。,かばんをもつ。,가방을 들다.
N4,채소,野菜,やさい,野菜を食べる。,やさいをたべる。,채소를 먹다.
N4,예습,予習,よしゅう,授業の前に予習する。,じゅぎょうのまえによしゅうする。,수업 전에 예습하다.
N4,예보,予報,よほう,天気予報を見る。,てんきよほうをみる。,일기예보를 보다.
N4,이용,利用,りよう,図書館を利用する。,としょかんをりようする。,도서관을 이용하다.


N4,파랗다,青い,あおい,空が青い。,そらがあおい。,하늘이 파랗다.
N4,밝다,明るい,あかるい,部屋が明るい。,へやがあかるい。,방이 밝다.
N4,가을,秋,あき,秋が好きです。,あきがすきです。,가을을 좋아합니다.
N4,열다,開ける,あける,ドアを開ける。,ドアをあける。,문을 열다.
N4,얕다,,あさい,海があさい。,うみがあさい。,바다가 얕다.
N4,맛,味,あじ,味がいい。,あじがいい。,맛이 좋다.
N4,머리,頭,あたま,頭が痛い。,あたまがいたい。,머리가 아프다.
N4,덥다,暑い,あつい,今日は暑い。,きょうはあつい。,오늘은 덥다.
N4,더위,暑さ,あつさ,暑さが続く。,あつさがつづく。,더위가 계속된다.
N4,모이다,集まる,あつまる,人が集まる。,ひとがあつまる。,사람이 모인다.
N4,모으다,集める,あつめる,お金を集める。,おかねをあつめる。,돈을 모으다.
N4,언니/누나,姉,あね,姉がいます。,あねがいます。,언니가 있다.
N4,사과하다,,あやまる,先生にあやまる。,せんせいにあやまる。,선생님께 사과하다.
N4,씻다,洗う,あらう,手を洗う。,てをあらう。,손을 씻다.
N4,걷다,歩く,あるく,公園を歩く。,こうえんをあるく。,공원을 걷다.
N4,아르바이트,アルバイト,アルバイト,アルバイトをする。,アルバイトをする。,아르바이트를 하다.
N4,설문조사,アンケート,アンケート,アンケートを書く。,アンケートをかく。,설문을 작성하다.
N4,안심,安心,あんしん,安心してください。,あんしんしてください。,안심하세요.
N4,안전하다,安全だ,あんぜんだ,ここは安全だ。,ここはあんぜんだ。,여기는 안전하다.

N4,안내,,あんない,駅で案内を受ける。,えきであんないをうける。,역에서 안내를 받는다.
N4,이하,,いか,この値段以下で買える。,このねだんいかでかえる。,이 가격 이하로 살 수 있다.
N4,이외,以外,いがい,日本以外の国に行きたい。,にほんいがいのくににいきたい。,일본 이외의 나라에 가고 싶다.
N4,아무리~해도,,いくら~ても,いくら勉強しても覚えられない。,いくらべんきょうしてもおぼえられない。,아무리 공부해도 외워지지 않는다.
N4,연못,池,いけ,池で魚を見る。,いけでさかなをみる。,연못에서 물고기를 본다.
N4,의견,意見,いけん,意見を言う。,いけんをいう。,의견을 말하다.
N4,돌,石,いし,石を投げる。,いしをなげる。,돌을 던진다.
N4,의사,医者,いしゃ,医者に相談する。,いしゃにそうだんする。,의사에게 상담하다.
N4,이상,以上,いじょう,これ以上できない。,これいじょうできない。,이 이상 못 한다.
N4,서두르다,急ぐ,いそぐ,駅まで急ぐ。,えきまでいそぐ。,역까지 서두르다.
N4,하다(겸양),いたす,いたす,私がいたします。,わたしがいたします。,제가 하겠습니다.
N4,받다,いただく,いただく,先生から本をいただく。,せんせいからほんをいただく。,선생님께 책을 받다.
N4,한 번,一度,いちど,一度行ったことがある。,いちどいったことがある。,한 번 간 적 있다.
N4,한 채,,いっけん,家が一軒ある。,いえがいっけんある。,집이 한 채 있다.
N4,열심히,,いっしょうけんめい,一生懸命勉強する。,いっしょうけんめいべんきょうする。,열심히 공부하다.
N4,다녀오겠습니다,,いってまいります,いってまいります。,いってまいります。,다녀오겠습니다.

N4,실,糸,いと,糸を使う。,いとをつかう。,실을 사용하다.
N4,시골,,いなか,いなかに住んでいる。,いなかにすんでいる。,시골에 살고 있다.
N4,여동생,妹,いもうと,妹がいる。,いもうとがいる。,여동생이 있다.
N4,색,色,いろ,好きな色を選ぶ。,すきないろをえらぶ。,좋아하는 색을 고르다.
N4,심다,,うえる,木を植える。,きをうえる。,나무를 심다.
N4,접수,,うけつけ,受付で名前を書く。,うけつけでなまえをかく。,접수에서 이름을 쓰다.
N4,(시험을) 치다,,うける,試験を受ける。,しけんをうける。,시험을 치다.
N4,움직이다,動く,うごく,ロボットが動く。,ロボットがうごく。,로봇이 움직인다.
N4,얇다,,うすい,紙が薄い。,かみがうすい。,종이가 얇다.
N4,노래,歌,うた,歌を聞く。,うたをきく。,노래를 듣다.
N4,노래를 부르다,歌う,うたう,歌を歌う。,うたをうたう。,노래를 부르다.
N4,치다,,うつ,ボールを打つ。,ボールをうつ。,공을 치다.
N4,베끼다,写す,うつす,ノートに写す。,ノートにうつす。,노트에 베끼다.
N4,찍히다,,うつる,写真に写る。,しゃしんにうつる。,사진에 찍히다.
N4,팔,,うで,腕が痛い。,うでがいたい。,팔이 아프다.
N4,솜씨가 뛰어나다,,うまい,料理がうまい。,りょうりがうまい。,요리를 잘한다.
N4,바다,,うみ,海へ行く。,うみへいく。,바다에 간다.
N4,낳다,,うむ,子どもを産む。,こどもをうむ。,아이를 낳다.
N4,팔다,売る,うる,野菜を売る。,やさいをうる。,야채를 팔다.
N4,시끄럽다,,うるさい,外がうるさい。,そとがうるさい。,밖이 시끄럽다.
N4,팔리다,売れる,うれる,この本はよく売れる。,このほんはよくうれる。,이 책은 잘 팔린다.
N4,운전,運転,うんてん,車を運転する。,くるまをうんてんする。,차를 운전하다.
N4,운동,運動,うんどう,毎日運動する。,まいにちうんどうする。,매일 운동한다.
N4,영업,営業,えいぎょう,店が営業している。,みせがえいぎょうしている。,가게가 영업 중이다.
N4,영어,英語,えいご,英語を勉強する。,えいごをべんきょうする。,영어를 공부하다.
N4,축하 선물,,おいわい,お祝いをもらう。,おいわいをもらう。,축하 선물을 받다.
N4,왕복,,おうふく,往復で切符を買う。,おうふくできっぷをかう。,왕복으로 표를 사다.
N4,많다,多い,おおい,人が多い。,ひとがおおい。,사람이 많다.
N4,많은 사람,,おおぜい,人が大勢いる。,ひとがおおぜいいる。,사람이 많이 있다.
N4,덕분에요,,おかげさまで,おかげさまで元気です。,おかげさまでげんきです。,덕분에 잘 지냅니다.
N4,일어나다,起きる,おきる,朝早く起きる。,あさはやくおきる。,아침 일찍 일어나다.
N4,옥상,,おくじょう,屋上に上がる。,おくじょうにあがる。,옥상에 올라가다.
N4,보내다,送る,おくる,メールを送る。,メールをおくる。,메일을 보내다.
N4,늦다,,おくれる,電車に遅れる。,でんしゃにおくれる。,전철에 늦다.
N4,행하다,行う,おこなう,イベントを行う。,イベントをおこなう。,행사를 진행하다.
N4,가르치다,教える,おしえる,日本語を教える。,にほんごをおしえる。,일본어를 가르치다.
N4,양력설,お正月,おしょうがつ,お正月に帰る。,おしょうがつにかえる。,설날에 돌아가다.
N4,누르다,押す,おす,ボタンを押す。,ボタンをおす。,버튼을 누르다.
N4,몸조리 잘하세요,,おだいじに,お大事に。,おだいじに。,몸조리 잘하세요.

N4,거스름돈,,おつり,おつりをもらう。,おつりをもらう。,거스름돈을 받다.
N4,소리,音,おと,音が聞こえる。,おとがきこえる。,소리가 들린다.
N4,떨어뜨리다,,おとす,財布を落とす。,さいふをおとす。,지갑을 떨어뜨리다.
N4,놀라다,,おどろく,結果に驚く。,けっかにおどろく。,결과에 놀라다.
N4,언니/누나,お姉さん,おねえさん,お姉さんに聞く。,おねえさんにきく。,언니에게 묻다.
N4,외우다,,おぼえる,単語を覚える。,たんごをおぼえる。,단어를 외우다.
N4,병문안,,おみまい,お見舞いに行く。,おみまいにいく。,병문안 가다.
N4,기념품,,おみやげ,お土産を買う。,おみやげをかう。,기념품을 사다.
N4,무겁다,重い,おもい,荷物が重い。,にもつがおもい。,짐이 무겁다.
N4,추억,,おもいで,思い出を話す。,おもいでをはなす。,추억을 이야기하다.
N4,장난감,,おもちゃ,おもちゃで遊ぶ。,おもちゃであそぶ。,장난감으로 놀다.
N4,이런/아니,,おや,おや、どうしたの？,おや、どうしたの？,어라, 무슨 일이야?
N4,엄지손가락,親指,おやゆび,親指を使う。,おやゆびをつかう。,엄지손가락을 사용하다.
N4,헤엄치다,泳ぐ,およぐ,海で泳ぐ。,うみでおよぐ。,바다에서 헤엄치다.
N4,접다,,おる,紙を折る。,かみをおる。,종이를 접다.
N4,감사 인사,,おれい,お礼を言う。,おれいをいう。,감사를 말하다.
N4,부러지다,,おれる,枝が折れる。,えだがおれる。,가지가 부러지다.
N4,끝나다,終わる,おわる,授業が終わる。,じゅぎょうがおわる。,수업이 끝나다.
N4,음악,音楽,おんがく,音楽を聞く。,おんがくをきく。,음악을 듣다.
N4,회장,会場,かいじょう,会場に入る。,かいじょうにはいる。,회장에 들어가다.
N4,기르다,,かう,犬を飼う。,いぬをかう。,개를 기르다.
N4,돌아가다,帰る,かえる,家に帰る。,いえにかえる。,집에 돌아가다.
N4,얼굴,顔,かお,顔を洗う。,かおをあらう。,얼굴을 씻다.
N4,거울,,かがみ,鏡を見る。,かがみをみる。,거울을 보다.
N4,장식하다,,かざる,部屋を飾る。,へやをかざる。,방을 장식하다.
N4,화재,火事,かじ,火事が起こる。,かじがおこる。,화재가 발생하다.
N4,알겠습니다,,かしこまりました,かしこまりました。,かしこまりました。,알겠습니다.
N4,빌려주다,貸す,かす,本を貸す。,ほんをかす。,책을 빌려주다.
N4,바람,風,かぜ,風が強い。,かぜがつよい。,바람이 강하다.
N4,세다,数える,かぞえる,数を数える。,かずをかぞえる。,수를 세다.
N4,가족,家族,かぞく,家族と話す。,かぞくとはなす。,가족과 이야기하다.
N4,분,方,かた,あの方は先生です。,あのかたはせんせいです。,저 분은 선생님입니다.
N4,딱딱하다,,かたい,パンが固い。,パンがかたい。,빵이 딱딱하다.

N4,모양,,かたち,形を変える。,かたちをかえる。,모양을 바꾸다.
N4,정리하다,,かたづける,部屋を片付ける。,へやをかたづける。,방을 정리하다.
N4,커터칼,カッター,カッター,カッターで切る。,カッターできる。,커터칼로 자르다.
N4,벽,,かべ,壁に絵をかける。,かべにえをかける。,벽에 그림을 걸다.
N4,상관없습니다,,かまいません,それでもかまいません。,それでもかまいません。,그래도 괜찮습니다.
N4,종이,紙,かみ,紙に書く。,かみにかく。,종이에 쓰다.
N4,씹다,,かむ,よくかんで食べる。,よくかんでたべる。,잘 씹어서 먹다.
N4,다니다,通う,かよう,学校に通う。,がっこうにかよう。,학교에 다니다.
N4,몸,体,からだ,体を動かす。,からだをうごかす。,몸을 움직이다.
N4,가볍다,軽い,かるい,荷物が軽い。,にもつがかるい。,짐이 가볍다.
N4,마르다,,かわく,服が乾く。,ふくがかわく。,옷이 마르다.
N4,대신,代わり,かわり,私の代わりに行く。,わたしのかわりにいく。,나 대신 가다.
N4,생각하다,考える,かんがえる,よく考える。,よくかんがえる。,잘 생각하다.
N4,관계,,かんけい,関係がある。,かんけいがある。,관계가 있다.
N4,한자,漢字,かんじ,漢字を勉強する。,かんじをべんきょうする。,한자를 공부하다.
N4,기회,,きかい,いい機会だ。,いいきかいだ。,좋은 기회다.
N4,위험,,きけん,ここは危険だ。,ここはきけんだ。,여기는 위험하다.
N4,기술,,ぎじゅつ,技術を学ぶ。,ぎじゅつをまなぶ。,기술을 배우다.
N4,기타구,北区,きたく,北区に住んでいる。,きたくにすんでいる。,기타구에 살고 있다.
N4,우표,切手,きって,切手を貼る。,きってをはる。,우표를 붙이다.
N4,엄하다,,きびしい,先生が厳しい。,せんせいがきびしい。,선생님이 엄하다.
N4,기분,気分,きぶん,気分がいい。,きぶんがいい。,기분이 좋다.
N4,결정되다,決まる,きまる,日程が決まる。,にっていがきまる。,일정이 정해지다.
N4,옷,着物,きもの,着物を着る。,きものをきる。,기모노를 입다.
N4,급행,急行,きゅうこう,急行に乗る。,きゅうこうにのる。,급행을 타다.
N4,갑자기,急に,きゅうに,急に雨が降る。,きゅうにあめがふる。,갑자기 비가 오다.
N4,교실,教室,きょうしつ,教室に入る。,きょうしつにはいる。,교실에 들어가다.
N4,경쟁,,きょうそう,競争が激しい。,きょうそうがはげしい。,경쟁이 치열하다.
N4,흥미,,きょうみ,日本語に興味がある。,にほんごにきょうみがある。,일본어에 흥미가 있다.
N4,작년,去年,きょねん,去年日本に行った。,きょねんにほんにいった。,작년에 일본에 갔다.
N4,은색,銀色,ぎんいろ,銀色の車。,ぎんいろのくるま。,은색 차.
N4,은행,銀行,ぎんこう,銀行でお金をおろす。,ぎんこうでおかねをおろす。,은행에서 돈을 찾다.
N4,근처,近所,きんじょ,近所を散歩する。,きんじょをさんぽする。,근처를 산책하다.
N4,구,区,く,この区に住んでいる。,このくにすんでいる。,이 구에 살고 있다.
N4,상태,,ぐあい,具合が悪い。,ぐあいがわるい。,상태가 안 좋다.
N4,공항,空港,くうこう,空港に着く。,くうこうにつく。,공항에 도착하다.

N4,약,薬,くすり,薬を飲む。,くすりをのむ。,약을 먹다.
N4,목,首,くび,首が痛い。,くびがいたい。,목이 아프다.
N4,구름,雲,くも,雲が多い。,くもがおおい。,구름이 많다.
N4,어둡다,暗い,くらい,部屋が暗い。,へやがくらい。,방이 어둡다.
N4,비교하다,,くらべる,二つを比べる。,ふたつをくらべる。,두 개를 비교하다.
N4,검다,黒い,くろい,黒い服を着る。,くろいふくをきる。,검은 옷을 입다.
N4,계획,計画,けいかく,計画を立てる。,けいかくをたてる。,계획을 세우다.
N4,경험,経験,けいけん,いい経験になる。,いいけいけんになる。,좋은 경험이 되다.
N4,게임,ゲーム,ゲーム,ゲームをする。,ゲームをする。,게임을 하다.
N4,상처,,けが,けがをする。,けがをする。,상처를 입다.
N4,경치,,けしき,景色を見る。,けしきをみる。,경치를 보다.
N4,결과,,けっか,結果が出る。,けっかがでる。,결과가 나오다.
N4,현,県,けん,この県に住む。,このけんにすむ。,이 현에 살다.
N4,월요일,月曜日,げつようび,月曜日に行く。,げつようびにいく。,월요일에 가다.
N4,원인,,げんいん,原因を調べる。,げんいんをしらべる。,원인을 조사하다.
N4,싸움,,けんか,友達とけんかする。,ともだちとけんかする。,친구와 싸우다.
N4,견학,,けんがく,工場を見学する。,こうじょうをけんがくする。,공장을 견학하다.
N4,건강함,,げんき,元気です。,げんきです。,건강합니다.
N4,연구,研究,けんきゅう,研究をする。,けんきゅうをする。,연구를 하다.
N4,공원,公園,こうえん,公園で遊ぶ。,こうえんであそぶ。,공원에서 놀다.
N4,교외,,こうがい,郊外に住む。,こうがいにすむ。,교외에 살다.
N4,공사,工事,こうじ,工事が始まる。,こうじがはじまる。,공사가 시작되다.
N4,공장,工場,こうじょう,工場で働く。,こうじょうではたらく。,공장에서 일하다.
N4,목소리,声,こえ,声が聞こえる。,こえがきこえる。,목소리가 들린다.
N4,얼음,氷,こおり,氷を入れる。,こおりをいれる。,얼음을 넣다.
N4,마음,心,こころ,心が痛む。,こころがいたむ。,마음이 아프다.
N4,고장,,こしょう,機械が故障する。,きかいがこしょうする。,기계가 고장 나다.
N4,대답하다,答える,こたえる,質問に答える。,しつもんにこたえる。,질문에 대답하다.
N4,잘다,,こまかい,字が細かい。,じがこまかい。,글자가 작다/잘다.
N4,붐비다,,こむ,道が混む。,みちがこむ。,길이 붐비다.
N4,무섭다,,こわい,犬がこわい。,いぬがこわい。,개가 무섭다.
N4,망가지다,,こわれる,時計が壊れる。,とけいがこわれる。,시계가 망가지다.
N4,이번,今度,こんど,今度行こう。,こんどいこう。,이번에 가자.
N4,최근,最近,さいきん,最近忙しい。,さいきんいそがしい。,최근 바쁘다.
N4,마지막,最後,さいご,最後まで頑張る。,さいごまでがんばる。,끝까지 노력하다.
N4,언덕,,さか,坂を上る。,さかをのぼる。,언덕을 오르다.
N4,찾다,,さがす,鍵を探す。,かぎをさがす。,열쇠를 찾다.
N4,드리다,,さしあげる,先生に本を差し上げる。,せんせいにほんをさしあげる。,선생님께 책을 드리다.
N4,(우산을) 쓰다,,さす,傘をさす。,かさをさす。,우산을 쓰다.
N4,권하다,,さそう,友達を誘う。,ともだちをさそう。,친구를 권하다.
N4,조금 전,,さっき,さっき来た。,さっききた。,방금 왔다.
N4,쓸쓸하다,,さびしい,一人でさびしい。,ひとりでさびしい。,혼자라 쓸쓸하다.
N4,춥다,寒い,さむい,今日は寒い。,きょうはさむい。,오늘은 춥다.
N4,접시,皿,さら,皿を洗う。,さらをあらう。,접시를 씻다.
N4,만지다,,さわる,犬にさわる。,いぬにさわる。,개를 만지다.
N4,산업,産業,さんぎょう,産業が発達する。,さんぎょうがはったつする。,산업이 발달하다.
N4,유감이다,,ざんねんだ,それは残念だ。,それはざんねんだ。,그건 유감이다.
N4,시합,試合,しあい,試合を見る。,しあいをみる。,시합을 보다.
N4,야단치다,,しかる,子どもをしかる。,こどもをしかる。,아이를 야단치다.
N4,일,仕事,しごと,仕事をする。,しごとをする。,일을 하다.
N4,준비,,したく,出かけるしたくをする。,でかけるしたくをする。,외출 준비를 하다.
N4,확실히,,しっかり,しっかり勉強する。,しっかりべんきょうする。,확실히 공부하다.
N4,실패,,しっぱい,試験に失敗する。,しけんにしっぱいする。,시험에 실패하다.
N4,질문,質問,しつもん,質問をする。,しつもんをする。,질문을 하다.
N4,무례하다,,しつれいだ,それは失礼だ。,それはしつれいだ。,그건 무례하다.
N4,자전거,自転車,じてんしゃ,自転車に乗る。,じてんしゃにのる。,자전거를 타다.